duration,protocol_type,service,flag,src_bytes,dst_bytes,land,wrong_fragment,urgent,hot,num_failed_logins,logged_in,num_compromised,root_shell,su_attempted,num_root,num_file_creations,num_shells,num_access_files,num_outbound_cmds,is_host_login,is_guest_login,count,srv_count,serror_rate,srv_serror_rate,rerror_rate,srv_rerror_rate,same_srv_rate,diff_srv_rate,srv_diff_host_rate,dst_host_count,dst_host_srv_count,dst_host_same_srv_rate,dst_host_diff_srv_rate,dst_host_same_src_port_rate,dst_host_srv_diff_host_rate,dst_host_serror_rate,dst_host_srv_serror_rate,dst_host_rerror_rate,dst_host_srv_rerror_rate,label
31,tcp,pop_3,SF,121,201,0,0,0,0,6,0,0,0,0,0,0,0,0,0,0,1,144,7,0.0,0.0,0.0,0.0,1.0,0.0,0.0,255,16,0.8320769510147886,0.8964694566317039,0.03554179549951069,0.0,0.0,0.0,0.0,0.0,1
0,tcp,eco_i,RSTR,0,0,0,0,0,0,0,0,0,0,0,0,0,0,0,0,0,0,197,8,0.0,0.0,1.0,1.0,0.054984288823664455,1.0,0.0,255,2,0.911736846605867,0.9793906455968457,0.014680140722696234,0.0,0.0,0.0,1.0,1.0,1
5,udp,smtp,SF,278,14265,0,0,0,0,0,0,0,0,0,0,0,0,0,0,0,0,9,8,0.0,0.0,0.0,0.0,1.0,0.0,0.0,255,171,0.8517626041321416,0.796939110844335,0.07263998040416163,0.0,0.0,0.0,0.0,0.0,0
2,udp,domain_u,SF,741,8574,0,0,0,0,0,0,0,0,0,0,0,0,0,0,0,0,9,1,0.0,0.0,0.0,0.0,1.0,0.0,0.0,255,164,0.08455653315795753,0.9751760678708301,0.09087346193778749,0.0,0.0,0.0,0.0,0.0,0
0,icmp,domain_u,SF,644,1142,0,0,0,0,0,0,0,0,0,0,0,0,0,0,0,0,2,3,0.0,0.0,0.0,0.0,1.0,0.0,0.0,255,2,0.2112534936855287,0.9955478391071529,0.07943801631391559,0.0,0.0,0.0,0.0,0.0,0
4,tcp,domain_u,SF,234,8114,0,0,0,0,0,1,0,0,0,0,0,0,0,0,0,0,10,1,0.0,0.0,0.0,0.0,1.0,0.0,0.0,255,118,0.5295419551904412,0.8644171764330535,0.0944721190298154,0.0,0.0,0.0,0.0,0.0,0
0,tcp,private,RSTR,0,0,0,0,0,0,0,0,0,0,0,0,0,0,0,0,0,0,210,3,0.0,0.0,1.0,1.0,0.09337687000984272,1.0,0.0,255,45,0.9792078840817227,0.6794163432686248,0.07140668970388757,0.0,0.0,0.0,1.0,1.0,1
5,udp,smtp,SF,598,8917,0,0,0,0,0,0,0,0,0,0,0,0,0,0,0,0,9,7,0.0,0.0,0.0,0.0,1.0,0.0,0.0,255,193,0.6773938882163945,0.862431405295303,0.030085874919687686,0.0,0.0,0.0,0.0,0.0,0
0,tcp,private,S0,0,0,0,0,0,0,0,0,0,0,0,0,0,0,0,0,0,0,191,7,1.0,1.0,0.0,0.0,0.06431207262233649,0.8339232174912667,0.0,255,203,0.8275191778793229,0.5714476639562968,0.0729641971739106,0.0,1.0,1.0,0.0,0.0,1
0,tcp,private,RSTR,0,0,0,0,0,0,0,0,0,0,0,0,0,0,0,0,0,0,215,4,0.0,0.0,1.0,1.0,0.03820785810345015,1.0,0.0,255,13,0.08585282138188488,0.1607265775830108,0.08971005547757924,0.0,0.0,0.0,1.0,1.0,1
3,tcp,http,SF,326,7394,0,0,0,0,0,1,0,0,0,0,0,0,0,0,0,0,2,4,0.0,0.0,0.0,0.0,1.0,0.0,0.0,255,72,0.5543562141430369,0.23211711996261464,0.05324434863547589,0.0,0.0,0.0,0.0,0.0,0
4,udp,domain_u,SF,507,11210,0,0,0,0,0,0,0,0,0,0,0,0,0,0,0,0,10,8,0.0,0.0,0.0,0.0,1.0,0.0,0.0,255,110,0.9760998909086789,0.7899991299852948,0.05982126442898475,0.0,0.0,0.0,0.0,0.0,0
3,tcp,domain_u,SF,488,5969,0,0,0,0,0,1,0,0,0,0,0,0,0,0,0,0,2,3,0.0,0.0,0.0,0.0,1.0,0.0,0.0,255,124,0.0980299447845926,0.6626818975795558,0.005211325809012246,0.0,0.0,0.0,0.0,0.0,0
0,tcp,private,S0,0,0,0,0,0,0,0,0,0,0,0,0,0,0,0,0,0,0,125,7,1.0,1.0,0.0,0.0,0.07218369733301397,0.8731761103779134,0.0,255,212,0.17769840187849872,0.3872637780370286,0.006511791446147975,0.0,1.0,1.0,0.0,0.0,1
1,udp,http,SF,558,7490,0,0,0,0,0,0,0,0,0,0,0,0,0,0,0,0,1,9,0.0,0.0,0.0,0.0,1.0,0.0,0.0,255,78,0.8576282938768083,0.15415364979834367,0.006522056335816018,0.0,0.0,0.0,0.0,0.0,0
0,tcp,private,S0,0,0,0,0,0,0,0,0,0,0,0,0,0,0,0,0,0,0,100,7,1.0,1.0,0.0,0.0,0.055080374987135486,0.8432509683453887,0.0,255,17,0.7866263528202775,0.02101317693049598,0.08047404998813362,0.0,1.0,1.0,0.0,0.0,1
21,tcp,ftp,SF,136,285,0,0,0,0,6,0,0,0,0,0,0,0,0,0,0,0,116,10,0.0,0.0,0.0,0.0,1.0,0.0,0.0,255,203,0.5119408889628703,0.06959207542190182,0.005022064572497032,0.0,0.0,0.0,0.0,0.0,1
2,icmp,http,SF,399,12555,0,0,0,0,0,0,0,0,0,0,0,0,0,0,0,0,10,3,0.0,0.0,0.0,0.0,1.0,0.0,0.0,255,241,0.3610896195950768,0.25356560577952225,0.03533285200976971,0.0,0.0,0.0,0.0,0.0,0
5,udp,http,SF,455,6598,0,0,0,0,0,0,0,0,0,0,0,0,0,0,0,0,8,5,0.0,0.0,0.0,0.0,1.0,0.0,0.0,255,254,0.22849261334034443,0.97539379965879,0.036880683721513166,0.0,0.0,0.0,0.0,0.0,0
0,icmp,domain_u,SF,502,3336,0,0,0,0,0,0,0,0,0,0,0,0,0,0,0,0,4,4,0.0,0.0,0.0,0.0,1.0,0.0,0.0,255,203,0.48778019750759116,0.11422166275518708,0.02035797566334583,0.0,0.0,0.0,0.0,0.0,0
0,tcp,domain_u,SF,178,6022,0,0,0,0,0,1,0,0,0,0,0,0,0,0,0,0,8,3,0.0,0.0,0.0,0.0,1.0,0.0,0.0,255,17,0.9155674665781428,0.25653575295027964,0.02735441426528821,0.0,0.0,0.0,0.0,0.0,0
0,tcp,private,S0,0,0,0,0,0,0,0,0,0,0,0,0,0,0,0,0,0,0,124,5,1.0,1.0,0.0,0.0,0.13583361418209028,0.7998423281436617,0.0,255,91,0.1618581149181798,0.8759545266934821,0.014145586515110843,0.0,1.0,1.0,0.0,0.0,1
0,tcp,private,S0,0,0,0,0,0,0,0,0,0,0,0,0,0,0,0,0,0,0,135,2,1.0,1.0,0.0,0.0,0.05688023189798265,0.7427595099600471,0.0,255,41,0.7273649112492409,0.8838022170079919,0.037037097147471186,0.0,1.0,1.0,0.0,0.0,1
0,udp,ftp_data,SF,580,12669,0,0,0,0,0,0,0,0,0,0,0,0,0,0,0,0,7,3,0.0,0.0,0.0,0.0,1.0,0.0,0.0,255,212,0.48495177824447844,0.636707604169282,0.005664290741167788,0.0,0.0,0.0,0.0,0.0,0
3,tcp,smtp,SF,201,13133,0,0,0,0,0,1,0,0,0,0,0,0,0,0,0,0,10,6,0.0,0.0,0.0,0.0,1.0,0.0,0.0,255,92,0.5683381505601095,0.5708943893416638,0.0360448490096852,0.0,0.0,0.0,0.0,0.0,0
0,tcp,private,S0,0,0,0,0,0,0,0,0,0,0,0,0,0,0,0,0,0,0,112,4,1.0,1.0,0.0,0.0,0.11669342690187755,0.7333614153163023,0.0,255,25,0.4998758022827078,0.8547440449299046,0.04169474241104298,0.0,1.0,1.0,0.0,0.0,1
5,udp,smtp,SF,653,14249,0,0,0,0,0,0,0,0,0,0,0,0,0,0,0,0,10,6,0.0,0.0,0.0,0.0,1.0,0.0,0.0,255,18,0.9509084672751333,0.9892594138530294,0.07507137770869854,0.0,0.0,0.0,0.0,0.0,0
42,tcp,pop_3,SF,145,166,0,0,0,0,5,0,0,0,0,0,0,0,0,0,0,1,153,9,0.0,0.0,0.0,0.0,1.0,0.0,0.0,255,48,0.21413446917307521,0.15623317436666206,0.049882792915879964,0.0,0.0,0.0,0.0,0.0,1
2,udp,ftp_data,SF,645,3244,0,0,0,0,0,0,0,0,0,0,0,0,0,0,0,0,9,10,0.0,0.0,0.0,0.0,1.0,0.0,0.0,255,197,0.7621801643773929,0.9427320332057331,0.022754084107106512,0.0,0.0,0.0,0.0,0.0,0
5,icmp,domain_u,SF,538,10918,0,0,0,0,0,0,0,0,0,0,0,0,0,0,0,0,6,7,0.0,0.0,0.0,0.0,1.0,0.0,0.0,255,167,0.562289619072981,0.8597325338726762,0.09016254784790234,0.0,0.0,0.0,0.0,0.0,0
0,tcp,eco_i,RSTR,0,0,0,0,0,0,0,0,0,0,0,0,0,0,0,0,0,0,182,5,0.0,0.0,1.0,1.0,0.0758766106410368,1.0,0.0,255,36,0.6041854077552096,0.20496470473531014,0.024126352208707583,0.0,0.0,0.0,1.0,1.0,1
0,tcp,private,S0,0,0,0,0,0,0,0,0,0,0,0,0,0,0,0,0,0,0,191,3,1.0,1.0,0.0,0.0,0.051144240105755405,0.7951791761152689,0.0,255,67,0.5485423015351915,0.9815650262554533,0.005626830237862701,0.0,1.0,1.0,0.0,0.0,1
0,tcp,other,RSTR,0,0,0,0,0,0,0,0,0,0,0,0,0,0,0,0,0,0,165,1,0.0,0.0,1.0,1.0,0.04278777913325626,1.0,0.0,255,20,0.9978782217362537,0.9370952373557649,0.09103837249904494,0.0,0.0,0.0,1.0,1.0,1
1,udp,smtp,SF,210,5674,0,0,0,0,0,0,0,0,0,0,0,0,0,0,0,0,6,5,0.0,0.0,0.0,0.0,1.0,0.0,0.0,255,23,0.8289247672407104,0.28409535653853013,0.019975257784877423,0.0,0.0,0.0,0.0,0.0,0
0,tcp,private,S0,0,0,0,0,0,0,0,0,0,0,0,0,0,0,0,0,0,0,113,6,1.0,1.0,0.0,0.0,0.07395460672881492,0.735057000934372,0.0,255,18,0.6842581943745378,0.3037257485076519,0.06288728302459827,0.0,1.0,1.0,0.0,0.0,1
4,icmp,http,SF,432,8202,0,0,0,0,0,0,0,0,0,0,0,0,0,0,0,0,7,8,0.0,0.0,0.0,0.0,1.0,0.0,0.0,255,58,0.9584235702183944,0.39438335041958406,0.09587132706629464,0.0,0.0,0.0,0.0,0.0,0
3,udp,http,SF,556,14371,0,0,0,0,0,0,0,0,0,0,0,0,0,0,0,0,9,8,0.0,0.0,0.0,0.0,1.0,0.0,0.0,255,215,0.7641048426560018,0.05667243902442021,0.013836490244799049,0.0,0.0,0.0,0.0,0.0,0
0,tcp,private,S0,0,0,0,0,0,0,0,0,0,0,0,0,0,0,0,0,0,0,208,8,1.0,1.0,0.0,0.0,0.1398998697297495,0.8168774105216774,0.0,255,76,0.1333357816804026,0.2931991966072296,0.04518224977100466,0.0,1.0,1.0,0.0,0.0,1
0,tcp,other,RSTR,0,0,0,0,0,0,0,0,0,0,0,0,0,0,0,0,0,0,189,1,0.0,0.0,1.0,1.0,0.0717821530392859,1.0,0.0,255,105,0.30690947589739204,0.11649304980950881,0.07042123655855444,0.0,0.0,0.0,1.0,1.0,1
0,icmp,http,SF,666,2807,0,0,0,0,0,0,0,0,0,0,0,0,0,0,0,0,1,1,0.0,0.0,0.0,0.0,1.0,0.0,0.0,255,251,0.5370177941936627,0.9079495908704502,0.06741723341823185,0.0,0.0,0.0,0.0,0.0,0
0,tcp,other,RSTR,0,0,0,0,0,0,0,0,0,0,0,0,0,0,0,0,0,0,235,7,0.0,0.0,1.0,1.0,0.011129236326004932,1.0,0.0,255,195,0.6768665560507318,0.9891453153208808,0.0026214665761282287,0.0,0.0,0.0,1.0,1.0,1
26,tcp,ftp,SF,150,171,0,0,0,0,5,0,0,0,0,0,0,0,0,0,0,1,189,1,0.0,0.0,0.0,0.0,1.0,0.0,0.0,255,24,0.0781905999458049,0.9726508332942391,0.025022093310063356,0.0,0.0,0.0,0.0,0.0,1
1,udp,domain_u,SF,165,12690,0,0,0,0,0,0,0,0,0,0,0,0,0,0,0,0,9,6,0.0,0.0,0.0,0.0,1.0,0.0,0.0,255,195,0.5292585100000569,0.6665815822964082,0.07096524003923588,0.0,0.0,0.0,0.0,0.0,0
4,icmp,domain_u,SF,284,6881,0,0,0,0,0,0,0,0,0,0,0,0,0,0,0,0,10,1,0.0,0.0,0.0,0.0,1.0,0.0,0.0,255,201,0.3448759763557603,0.5078215156527343,0.014520648258725056,0.0,0.0,0.0,0.0,0.0,0
0,tcp,eco_i,RSTR,0,0,0,0,0,0,0,0,0,0,0,0,0,0,0,0,0,0,209,4,0.0,0.0,1.0,1.0,0.0955485930903585,1.0,0.0,255,48,0.0552708930820629,0.28014351596810616,0.006226718295548373,0.0,0.0,0.0,1.0,1.0,1
0,tcp,private,S0,0,0,0,0,0,0,0,0,0,0,0,0,0,0,0,0,0,0,189,6,1.0,1.0,0.0,0.0,0.068222085217752,0.8591321795576575,0.0,255,64,0.3052286486260478,0.6088513332235027,0.07269737478793374,0.0,1.0,1.0,0.0,0.0,1
3,udp,smtp,SF,401,12219,0,0,0,0,0,0,0,0,0,0,0,0,0,0,0,0,8,2,0.0,0.0,0.0,0.0,1.0,0.0,0.0,255,113,0.5639385017479523,0.5871979675275479,0.036560761164871856,0.0,0.0,0.0,0.0,0.0,0
0,tcp,private,S0,0,0,0,0,0,0,0,0,0,0,0,0,0,0,0,0,0,0,181,5,1.0,1.0,0.0,0.0,0.07000834402922285,0.8972743628939395,0.0,255,35,0.7799492684300556,0.7497059966135999,0.06964711288950658,0.0,1.0,1.0,0.0,0.0,1
24,tcp,ftp,SF,131,232,0,0,0,0,4,0,0,0,0,0,0,0,0,0,0,1,161,4,0.0,0.0,0.0,0.0,1.0,0.0,0.0,255,148,0.8818726820711689,0.17791927480678227,0.06563874291925816,0.0,0.0,0.0,0.0,0.0,1
0,tcp,eco_i,RSTR,0,0,0,0,0,0,0,0,0,0,0,0,0,0,0,0,0,0,113,6,0.0,0.0,1.0,1.0,0.006153100613028617,1.0,0.0,255,216,0.019041564281508938,0.3864341456997722,0.03982472907394946,0.0,0.0,0.0,1.0,1.0,1
5,tcp,pop_3,SF,142,168,0,0,0,0,4,0,0,0,0,0,0,0,0,0,0,0,221,6,0.0,0.0,0.0,0.0,1.0,0.0,0.0,255,119,0.5342746758954873,0.08828516169142175,0.08860296142222351,0.0,0.0,0.0,0.0,0.0,1
0,tcp,private,S0,0,0,0,0,0,0,0,0,0,0,0,0,0,0,0,0,0,0,164,4,1.0,1.0,0.0,0.0,0.0660305707726854,0.7033156853152769,0.0,255,91,0.11278657873691655,0.6743017808546687,0.07638930793062434,0.0,1.0,1.0,0.0,0.0,1
0,tcp,private,S0,0,0,0,0,0,0,0,0,0,0,0,0,0,0,0,0,0,0,213,7,1.0,1.0,0.0,0.0,0.11402501222297536,0.820340235015392,0.0,255,218,0.2054647013934282,0.3671902314707961,0.09026105029692456,0.0,1.0,1.0,0.0,0.0,1
5,tcp,ftp_data,SF,249,8464,0,0,0,0,0,1,0,0,0,0,0,0,0,0,0,0,8,4,0.0,0.0,0.0,0.0,1.0,0.0,0.0,255,145,0.9620241025912274,0.0783351033883315,0.01206363073575485,0.0,0.0,0.0,0.0,0.0,0
9,tcp,ftp,SF,135,197,0,0,0,0,5,0,0,0,0,0,0,0,0,0,0,1,120,2,0.0,0.0,0.0,0.0,1.0,0.0,0.0,255,249,0.8497472850213691,0.5101862560182243,0.049754561556682356,0.0,0.0,0.0,0.0,0.0,1
4,udp,http,SF,391,12030,0,0,0,0,0,0,0,0,0,0,0,0,0,0,0,0,8,9,0.0,0.0,0.0,0.0,1.0,0.0,0.0,255,107,0.7409135599712545,0.5333632317700221,0.029131614687477426,0.0,0.0,0.0,0.0,0.0,0
1,udp,ftp_data,SF,335,12079,0,0,0,0,0,0,0,0,0,0,0,0,0,0,0,0,7,8,0.0,0.0,0.0,0.0,1.0,0.0,0.0,255,14,0.9644655376481515,0.5212199568309343,0.06575199689812122,0.0,0.0,0.0,0.0,0.0,0
0,tcp,private,S0,0,0,0,0,0,0,0,0,0,0,0,0,0,0,0,0,0,0,198,2,1.0,1.0,0.0,0.0,0.13337508751962524,0.7382069788666119,0.0,255,247,0.6995622696607808,0.7354614264647094,0.056498786597334066,0.0,1.0,1.0,0.0,0.0,1
11,tcp,ftp,SF,115,225,0,0,0,0,2,0,0,0,0,0,0,0,0,0,0,0,102,9,0.0,0.0,0.0,0.0,1.0,0.0,0.0,255,13,0.428372153987712,0.2610924682632113,0.010027626597485873,0.0,0.0,0.0,0.0,0.0,1
0,tcp,other,RSTR,0,0,0,0,0,0,0,0,0,0,0,0,0,0,0,0,0,0,112,7,0.0,0.0,1.0,1.0,0.04373826444963659,1.0,0.0,255,207,0.19009619910940379,0.13242189749016242,0.00092458862225282,0.0,0.0,0.0,1.0,1.0,1
0,tcp,private,S0,0,0,0,0,0,0,0,0,0,0,0,0,0,0,0,0,0,0,207,9,1.0,1.0,0.0,0.0,0.060394069494776784,0.7304995858457752,0.0,255,38,0.5988609415397009,0.3356781228519442,0.08832665528856351,0.0,1.0,1.0,0.0,0.0,1
0,tcp,smtp,SF,497,2167,0,0,0,0,0,1,0,0,0,0,0,0,0,0,0,0,6,3,0.0,0.0,0.0,0.0,1.0,0.0,0.0,255,166,0.17123500610886333,0.5070087256140013,0.020627683436174594,0.0,0.0,0.0,0.0,0.0,0
13,tcp,ftp,SF,111,196,0,0,0,0,5,0,0,0,0,0,0,0,0,0,0,1,102,6,0.0,0.0,0.0,0.0,1.0,0.0,0.0,255,92,0.2241619201049041,0.7957980184561706,0.08653713356700997,0.0,0.0,0.0,0.0,0.0,1
3,tcp,domain_u,SF,506,4713,0,0,0,0,0,1,0,0,0,0,0,0,0,0,0,0,2,8,0.0,0.0,0.0,0.0,1.0,0.0,0.0,255,121,0.27417960349898196,0.9085310159014311,0.07512872724727754,0.0,0.0,0.0,0.0,0.0,0
1,icmp,ftp_data,SF,263,8237,0,0,0,0,0,0,0,0,0,0,0,0,0,0,0,0,3,9,0.0,0.0,0.0,0.0,1.0,0.0,0.0,255,158,0.007118284079380088,0.31238346663045957,0.02049414389086728,0.0,0.0,0.0,0.0,0.0,0
1,udp,domain_u,SF,587,10483,0,0,0,0,0,0,0,0,0,0,0,0,0,0,0,0,2,6,0.0,0.0,0.0,0.0,1.0,0.0,0.0,255,87,0.5278255073363941,0.07131810496335533,0.050997629812852066,0.0,0.0,0.0,0.0,0.0,0
0,tcp,eco_i,RSTR,0,0,0,0,0,0,0,0,0,0,0,0,0,0,0,0,0,0,145,7,0.0,0.0,1.0,1.0,0.06255450019903402,1.0,0.0,255,215,0.259051609397861,0.08424074160744255,0.012756302353173644,0.0,0.0,0.0,1.0,1.0,1
4,tcp,domain_u,SF,617,13725,0,0,0,0,0,1,0,0,0,0,0,0,0,0,0,0,8,1,0.0,0.0,0.0,0.0,1.0,0.0,0.0,255,46,0.6107431632318776,0.14124170372685363,0.05121236509932908,0.0,0.0,0.0,0.0,0.0,0
0,tcp,private,S0,0,0,0,0,0,0,0,0,0,0,0,0,0,0,0,0,0,0,234,5,1.0,1.0,0.0,0.0,0.1371481459762596,0.8589060959605996,0.0,255,224,0.518065591403553,0.6954480437935853,0.08563119544206765,0.0,1.0,1.0,0.0,0.0,1
0,tcp,private,S0,0,0,0,0,0,0,0,0,0,0,0,0,0,0,0,0,0,0,111,4,1.0,1.0,0.0,0.0,0.0686648585431385,0.7633962756287932,0.0,255,237,0.5109730990771085,0.36212752003158866,0.08661516177851777,0.0,1.0,1.0,0.0,0.0,1
2,tcp,http,SF,175,3350,0,0,0,0,0,1,0,0,0,0,0,0,0,0,0,0,9,5,0.0,0.0,0.0,0.0,1.0,0.0,0.0,255,250,0.1676746701227393,0.5123299753844635,0.046737415956376344,0.0,0.0,0.0,0.0,0.0,0
0,tcp,eco_i,RSTR,0,0,0,0,0,0,0,0,0,0,0,0,0,0,0,0,0,0,103,2,0.0,0.0,1.0,1.0,0.036062808518039405,1.0,0.0,255,237,0.44175720045005396,0.9137648840992556,0.09171297350469919,0.0,0.0,0.0,1.0,1.0,1
1,udp,smtp,SF,357,2318,0,0,0,0,0,0,0,0,0,0,0,0,0,0,0,0,3,3,0.0,0.0,0.0,0.0,1.0,0.0,0.0,255,103,0.3789466338718215,0.23217239742251972,0.05506582327326251,0.0,0.0,0.0,0.0,0.0,0
0,tcp,private,S0,0,0,0,0,0,0,0,0,0,0,0,0,0,0,0,0,0,0,162,1,1.0,1.0,0.0,0.0,0.08097693255566098,0.8812484791965112,0.0,255,150,0.7227622712867098,0.25187074435047885,0.051561830511718754,0.0,1.0,1.0,0.0,0.0,1
0,tcp,private,S0,0,0,0,0,0,0,0,0,0,0,0,0,0,0,0,0,0,0,166,1,1.0,1.0,0.0,0.0,0.09812685295114626,0.7445949819908374,0.0,255,124,0.10991323392723928,0.22926894514336404,0.07908586626600489,0.0,1.0,1.0,0.0,0.0,1
0,tcp,eco_i,RSTR,0,0,0,0,0,0,0,0,0,0,0,0,0,0,0,0,0,0,111,2,0.0,0.0,1.0,1.0,0.09783457089671413,1.0,0.0,255,193,0.12200962237368551,0.2149761449981712,0.034649238530501496,0.0,0.0,0.0,1.0,1.0,1
42,tcp,ftp,SF,111,281,0,0,0,0,4,0,0,0,0,0,0,0,0,0,0,0,159,9,0.0,0.0,0.0,0.0,1.0,0.0,0.0,255,153,0.7277900756925918,0.5969728272530335,0.02661065563487878,0.0,0.0,0.0,0.0,0.0,1
0,tcp,eco_i,RSTR,0,0,0,0,0,0,0,0,0,0,0,0,0,0,0,0,0,0,111,6,0.0,0.0,1.0,1.0,0.0025439137879645028,1.0,0.0,255,35,0.7588880981430122,0.29761932102408517,0.046155268285363774,0.0,0.0,0.0,1.0,1.0,1
0,tcp,private,RSTR,0,0,0,0,0,0,0,0,0,0,0,0,0,0,0,0,0,0,244,9,0.0,0.0,1.0,1.0,0.02252844681805595,1.0,0.0,255,17,0.9269790867214616,0.44233795090961936,0.06872125561821842,0.0,0.0,0.0,1.0,1.0,1
2,udp,smtp,SF,688,5948,0,0,0,0,0,0,0,0,0,0,0,0,0,0,0,0,4,10,0.0,0.0,0.0,0.0,1.0,0.0,0.0,255,211,0.3548746310604439,0.6627624711882106,0.08309382440523752,0.0,0.0,0.0,0.0,0.0,0
3,udp,http,SF,291,8151,0,0,0,0,0,0,0,0,0,0,0,0,0,0,0,0,7,8,0.0,0.0,0.0,0.0,1.0,0.0,0.0,255,36,0.7451772641208547,0.39304572192532383,0.010666262108130787,0.0,0.0,0.0,0.0,0.0,0
2,icmp,http,SF,174,4468,0,0,0,0,0,0,0,0,0,0,0,0,0,0,0,0,5,6,0.0,0.0,0.0,0.0,1.0,0.0,0.0,255,201,0.018029039311139528,0.6707164122178472,0.004972740556227307,0.0,0.0,0.0,0.0,0.0,0
0,tcp,private,RSTR,0,0,0,0,0,0,0,0,0,0,0,0,0,0,0,0,0,0,209,3,0.0,0.0,1.0,1.0,0.09768078781267672,1.0,0.0,255,42,0.7162800836831498,0.4724992880231156,0.004548058996275861,0.0,0.0,0.0,1.0,1.0,1
0,tcp,eco_i,RSTR,0,0,0,0,0,0,0,0,0,0,0,0,0,0,0,0,0,0,175,10,0.0,0.0,1.0,1.0,0.06456015252813527,1.0,0.0,255,139,0.05449270612389534,0.012188843127015181,0.010768800067813467,0.0,0.0,0.0,1.0,1.0,1
1,tcp,smtp,SF,366,13073,0,0,0,0,0,1,0,0,0,0,0,0,0,0,0,0,4,3,0.0,0.0,0.0,0.0,1.0,0.0,0.0,255,106,0.11711405104230554,0.13146287624233954,0.04620398697705691,0.0,0.0,0.0,0.0,0.0,0
2,udp,smtp,SF,710,11162,0,0,0,0,0,0,0,0,0,0,0,0,0,0,0,0,2,9,0.0,0.0,0.0,0.0,1.0,0.0,0.0,255,184,0.3101429666798978,0.7832642351772114,0.08947320814352006,0.0,0.0,0.0,0.0,0.0,0
2,tcp,domain_u,SF,354,11591,0,0,0,0,0,1,0,0,0,0,0,0,0,0,0,0,3,9,0.0,0.0,0.0,0.0,1.0,0.0,0.0,255,203,0.2381929465704281,0.5397827264960195,0.0847450532381832,0.0,0.0,0.0,0.0,0.0,0
0,udp,http,SF,679,12814,0,0,0,0,0,0,0,0,0,0,0,0,0,0,0,0,2,1,0.0,0.0,0.0,0.0,1.0,0.0,0.0,255,249,0.8895584104020767,0.2897989566075829,0.02180148169205655,0.0,0.0,0.0,0.0,0.0,0
0,tcp,private,RSTR,0,0,0,0,0,0,0,0,0,0,0,0,0,0,0,0,0,0,106,9,0.0,0.0,1.0,1.0,0.0034663989552569663,1.0,0.0,255,117,0.7494417189915324,0.7711250400635209,0.06288670616529288,0.0,0.0,0.0,1.0,1.0,1
3,tcp,smtp,SF,564,4565,0,0,0,0,0,1,0,0,0,0,0,0,0,0,0,0,3,7,0.0,0.0,0.0,0.0,1.0,0.0,0.0,255,32,0.8615292386990512,0.5545548687601995,0.07161195630187732,0.0,0.0,0.0,0.0,0.0,0
5,tcp,ftp,SF,125,226,0,0,0,0,4,0,0,0,0,0,0,0,0,0,0,0,211,2,0.0,0.0,0.0,0.0,1.0,0.0,0.0,255,56,0.21028341942836948,0.8781024279590119,0.01996945205828774,0.0,0.0,0.0,0.0,0.0,1
0,tcp,other,RSTR,0,0,0,0,0,0,0,0,0,0,0,0,0,0,0,0,0,0,162,5,0.0,0.0,1.0,1.0,0.05744450442577098,1.0,0.0,255,52,0.6393369283693108,0.5318596720151091,0.08717924641499553,0.0,0.0,0.0,1.0,1.0,1
0,tcp,other,RSTR,0,0,0,0,0,0,0,0,0,0,0,0,0,0,0,0,0,0,172,7,0.0,0.0,1.0,1.0,0.03656599948501882,1.0,0.0,255,242,0.05567951259857029,0.7933886365485855,0.09369872119436708,0.0,0.0,0.0,1.0,1.0,1
11,tcp,ftp,SF,106,218,0,0,0,0,3,0,0,0,0,0,0,0,0,0,0,0,203,5,0.0,0.0,0.0,0.0,1.0,0.0,0.0,255,112,0.6591571191378998,0.128075145558876,0.08018479493575587,0.0,0.0,0.0,0.0,0.0,1
0,tcp,private,S0,0,0,0,0,0,0,0,0,0,0,0,0,0,0,0,0,0,0,193,10,1.0,1.0,0.0,0.0,0.06241863971991714,0.8576997595892235,0.0,255,146,0.7884791687472297,0.03396797026465237,0.0031015347589888223,0.0,1.0,1.0,0.0,0.0,1
2,icmp,http,SF,600,1723,0,0,0,0,0,0,0,0,0,0,0,0,0,0,0,0,9,7,0.0,0.0,0.0,0.0,1.0,0.0,0.0,255,80,0.874809093374511,0.3660171646247913,0.047396221825573195,0.0,0.0,0.0,0.0,0.0,0
0,tcp,eco_i,RSTR,0,0,0,0,0,0,0,0,0,0,0,0,0,0,0,0,0,0,102,2,0.0,0.0,1.0,1.0,0.09999611468243033,1.0,0.0,255,207,0.4026282779758956,0.6766649163188541,0.07086952975745846,0.0,0.0,0.0,1.0,1.0,1
0,icmp,http,SF,631,5312,0,0,0,0,0,0,0,0,0,0,0,0,0,0,0,0,8,6,0.0,0.0,0.0,0.0,1.0,0.0,0.0,255,181,0.008815403207830586,0.14260361988142312,0.051179031873005654,0.0,0.0,0.0,0.0,0.0,0
5,udp,domain_u,SF,258,12857,0,0,0,0,0,0,0,0,0,0,0,0,0,0,0,0,9,2,0.0,0.0,0.0,0.0,1.0,0.0,0.0,255,75,0.016944625839590333,0.018492917423020172,0.0981083141039762,0.0,0.0,0.0,0.0,0.0,0
39,tcp,pop_3,SF,147,207,0,0,0,0,3,0,0,0,0,0,0,0,0,0,0,0,168,10,0.0,0.0,0.0,0.0,1.0,0.0,0.0,255,166,0.4483090590829325,0.12781000526585717,0.009576511345054484,0.0,0.0,0.0,0.0,0.0,1
0,tcp,domain_u,SF,641,7876,0,0,0,0,0,1,0,0,0,0,0,0,0,0,0,0,3,4,0.0,0.0,0.0,0.0,1.0,0.0,0.0,255,168,0.8496219508320324,0.28516049053724024,0.01845810588397463,0.0,0.0,0.0,0.0,0.0,0
24,tcp,ftp,SF,107,155,0,0,0,0,6,0,0,0,0,0,0,0,0,0,0,1,136,10,0.0,0.0,0.0,0.0,1.0,0.0,0.0,255,223,0.9561665141566755,0.4637145175726308,0.034855916034019475,0.0,0.0,0.0,0.0,0.0,1
4,icmp,smtp,SF,682,6524,0,0,0,0,0,0,0,0,0,0,0,0,0,0,0,0,10,8,0.0,0.0,0.0,0.0,1.0,0.0,0.0,255,229,0.4892316196822092,0.10839903471851864,0.07779476047589108,0.0,0.0,0.0,0.0,0.0,0
1,tcp,domain_u,SF,323,13758,0,0,0,0,0,1,0,0,0,0,0,0,0,0,0,0,1,2,0.0,0.0,0.0,0.0,1.0,0.0,0.0,255,166,0.1690412029853915,0.6612152364577063,0.09715017780062032,0.0,0.0,0.0,0.0,0.0,0
4,udp,ftp_data,SF,763,14538,0,0,0,0,0,0,0,0,0,0,0,0,0,0,0,0,1,5,0.0,0.0,0.0,0.0,1.0,0.0,0.0,255,150,0.2373621470682009,0.134147507118769,0.003187767876238168,0.0,0.0,0.0,0.0,0.0,0
27,tcp,pop_3,SF,116,193,0,0,0,0,6,0,0,0,0,0,0,0,0,0,0,1,190,4,0.0,0.0,0.0,0.0,1.0,0.0,0.0,255,202,0.12152890816149187,0.2298171300109435,0.0638042439172546,0.0,0.0,0.0,0.0,0.0,1
0,tcp,private,S0,0,0,0,0,0,0,0,0,0,0,0,0,0,0,0,0,0,0,110,3,1.0,1.0,0.0,0.0,0.14985387951037082,0.793777210701165,0.0,255,12,0.28554577655490987,0.7956582633537016,0.06200991201660311,0.0,1.0,1.0,0.0,0.0,1
0,tcp,eco_i,RSTR,0,0,0,0,0,0,0,0,0,0,0,0,0,0,0,0,0,0,239,10,0.0,0.0,1.0,1.0,0.016525258200818748,1.0,0.0,255,9,0.8528212086242029,0.6150611012812424,0.038495736088024674,0.0,0.0,0.0,1.0,1.0,1
1,icmp,domain_u,SF,430,4473,0,0,0,0,0,0,0,0,0,0,0,0,0,0,0,0,2,1,0.0,0.0,0.0,0.0,1.0,0.0,0.0,255,80,0.02907347265841953,0.9960081435238787,0.06965765639415893,0.0,0.0,0.0,0.0,0.0,0
1,udp,ftp_data,SF,526,14216,0,0,0,0,0,0,0,0,0,0,0,0,0,0,0,0,9,5,0.0,0.0,0.0,0.0,1.0,0.0,0.0,255,185,0.11809147347666415,0.21507022705570356,0.02199481736624034,0.0,0.0,0.0,0.0,0.0,0
4,tcp,smtp,SF,174,13256,0,0,0,0,0,1,0,0,0,0,0,0,0,0,0,0,1,3,0.0,0.0,0.0,0.0,1.0,0.0,0.0,255,159,0.9293410007367411,0.7423732937204651,0.015390193340755665,0.0,0.0,0.0,0.0,0.0,0
1,udp,smtp,SF,506,6419,0,0,0,0,0,0,0,0,0,0,0,0,0,0,0,0,5,3,0.0,0.0,0.0,0.0,1.0,0.0,0.0,255,71,0.4439808132358245,0.3415948702596332,0.0376794058035721,0.0,0.0,0.0,0.0,0.0,0
0,tcp,private,S0,0,0,0,0,0,0,0,0,0,0,0,0,0,0,0,0,0,0,196,5,1.0,1.0,0.0,0.0,0.12967526611460706,0.836616026403159,0.0,255,214,0.8713154066550075,0.5064636069208754,0.038371902162829874,0.0,1.0,1.0,0.0,0.0,1
0,tcp,private,S0,0,0,0,0,0,0,0,0,0,0,0,0,0,0,0,0,0,0,232,1,1.0,1.0,0.0,0.0,0.09526639216343316,0.730308707393525,0.0,255,157,0.06530931874669577,0.8811115876060626,0.06413101836710802,0.0,1.0,1.0,0.0,0.0,1
2,tcp,ftp_data,SF,352,4473,0,0,0,0,0,1,0,0,0,0,0,0,0,0,0,0,6,2,0.0,0.0,0.0,0.0,1.0,0.0,0.0,255,102,0.5601541212646367,0.987440124223313,0.04248457362583533,0.0,0.0,0.0,0.0,0.0,0
0,tcp,private,S0,0,0,0,0,0,0,0,0,0,0,0,0,0,0,0,0,0,0,131,2,1.0,1.0,0.0,0.0,0.06565328301733102,0.7370472262434875,0.0,255,29,0.9786954538961619,0.9886556329825487,0.06843226682404085,0.0,1.0,1.0,0.0,0.0,1
0,icmp,domain_u,SF,172,10054,0,0,0,0,0,0,0,0,0,0,0,0,0,0,0,0,6,1,0.0,0.0,0.0,0.0,1.0,0.0,0.0,255,66,0.4143383570147793,0.008427060025963162,0.011685799915497242,0.0,0.0,0.0,0.0,0.0,0
0,tcp,eco_i,RSTR,0,0,0,0,0,0,0,0,0,0,0,0,0,0,0,0,0,0,191,8,0.0,0.0,1.0,1.0,0.08388041541582975,1.0,0.0,255,205,0.05732904481618606,0.8693566653489326,0.05188805638165958,0.0,0.0,0.0,1.0,1.0,1
4,udp,smtp,SF,686,5692,0,0,0,0,0,0,0,0,0,0,0,0,0,0,0,0,4,4,0.0,0.0,0.0,0.0,1.0,0.0,0.0,255,122,0.3796491085366127,0.29543461707591234,0.09453360215111045,0.0,0.0,0.0,0.0,0.0,0
0,tcp,private,S0,0,0,0,0,0,0,0,0,0,0,0,0,0,0,0,0,0,0,172,7,1.0,1.0,0.0,0.0,0.1399155871504646,0.7940919680090424,0.0,255,65,0.7328415650464145,0.9854868431127067,0.037216343571871605,0.0,1.0,1.0,0.0,0.0,1
0,tcp,eco_i,RSTR,0,0,0,0,0,0,0,0,0,0,0,0,0,0,0,0,0,0,121,1,0.0,0.0,1.0,1.0,0.00028297818655992346,1.0,0.0,255,137,0.37554793151651766,0.9709561794619107,0.053428116022718325,0.0,0.0,0.0,1.0,1.0,1
0,tcp,private,S0,0,0,0,0,0,0,0,0,0,0,0,0,0,0,0,0,0,0,158,3,1.0,1.0,0.0,0.0,0.11934036125754717,0.8098557600679855,0.0,255,11,0.24277748031603785,0.10708150384026938,0.07665921669198895,0.0,1.0,1.0,0.0,0.0,1
9,tcp,ftp,SF,123,271,0,0,0,0,6,0,0,0,0,0,0,0,0,0,0,1,130,9,0.0,0.0,0.0,0.0,1.0,0.0,0.0,255,165,0.47526986961954554,0.2829987211140387,0.05458311468795618,0.0,0.0,0.0,0.0,0.0,1
0,icmp,domain_u,SF,482,14213,0,0,0,0,0,0,0,0,0,0,0,0,0,0,0,0,5,6,0.0,0.0,0.0,0.0,1.0,0.0,0.0,255,91,0.4422962749922368,0.8540151156809167,0.053967299650133464,0.0,0.0,0.0,0.0,0.0,0
0,udp,http,SF,767,11505,0,0,0,0,0,0,0,0,0,0,0,0,0,0,0,0,6,10,0.0,0.0,0.0,0.0,1.0,0.0,0.0,255,89,0.4676511531463099,0.9064059182787318,0.08482125828211363,0.0,0.0,0.0,0.0,0.0,0
2,udp,http,SF,157,2144,0,0,0,0,0,0,0,0,0,0,0,0,0,0,0,0,3,5,0.0,0.0,0.0,0.0,1.0,0.0,0.0,255,249,0.024799429396143546,0.22470483912685935,0.031180345776902065,0.0,0.0,0.0,0.0,0.0,0
1,udp,domain_u,SF,384,9116,0,0,0,0,0,0,0,0,0,0,0,0,0,0,0,0,1,9,0.0,0.0,0.0,0.0,1.0,0.0,0.0,255,203,0.4857237346636222,0.37664426740819257,0.03370475340786357,0.0,0.0,0.0,0.0,0.0,0
0,tcp,private,S0,0,0,0,0,0,0,0,0,0,0,0,0,0,0,0,0,0,0,247,6,1.0,1.0,0.0,0.0,0.06360946549963808,0.8130918751605792,0.0,255,48,0.7332915393723742,0.6911967742544082,0.008461681375562703,0.0,1.0,1.0,0.0,0.0,1
0,tcp,private,S0,0,0,0,0,0,0,0,0,0,0,0,0,0,0,0,0,0,0,111,10,1.0,1.0,0.0,0.0,0.1297424886467625,0.8180070062111632,0.0,255,50,0.2114945717280008,0.5369886178067809,0.010330186380032769,0.0,1.0,1.0,0.0,0.0,1
26,tcp,pop_3,SF,137,219,0,0,0,0,4,0,0,0,0,0,0,0,0,0,0,1,140,3,0.0,0.0,0.0,0.0,1.0,0.0,0.0,255,185,0.7340238538538814,0.2659341227642994,0.04145931737810951,0.0,0.0,0.0,0.0,0.0,1
2,tcp,http,SF,285,4009,0,0,0,0,0,1,0,0,0,0,0,0,0,0,0,0,9,4,0.0,0.0,0.0,0.0,1.0,0.0,0.0,255,250,0.9095836786828368,0.7842118797847744,0.053502054562484185,0.0,0.0,0.0,0.0,0.0,0
4,udp,ftp_data,SF,546,1485,0,0,0,0,0,0,0,0,0,0,0,0,0,0,0,0,9,4,0.0,0.0,0.0,0.0,1.0,0.0,0.0,255,116,0.9320265021799479,0.5173953190491217,0.053197617907450714,0.0,0.0,0.0,0.0,0.0,0
0,tcp,private,S0,0,0,0,0,0,0,0,0,0,0,0,0,0,0,0,0,0,0,206,3,1.0,1.0,0.0,0.0,0.06577743470205523,0.7178492050516828,0.0,255,88,0.5240414980839943,0.15458591506942176,0.0932909404277491,0.0,1.0,1.0,0.0,0.0,1
0,tcp,private,S0,0,0,0,0,0,0,0,0,0,0,0,0,0,0,0,0,0,0,232,9,1.0,1.0,0.0,0.0,0.05292125756261549,0.8711662171811676,0.0,255,242,0.9746946735322071,0.8392411589854999,0.006430327202840602,0.0,1.0,1.0,0.0,0.0,1
1,tcp,ftp_data,SF,692,13219,0,0,0,0,0,1,0,0,0,0,0,0,0,0,0,0,7,1,0.0,0.0,0.0,0.0,1.0,0.0,0.0,255,201,0.30640664125149286,0.13926751604049348,0.042093645531816395,0.0,0.0,0.0,0.0,0.0,0
4,tcp,ftp_data,SF,452,10648,0,0,0,0,0,1,0,0,0,0,0,0,0,0,0,0,7,10,0.0,0.0,0.0,0.0,1.0,0.0,0.0,255,34,0.2671987816701207,0.1821726997441936,0.0682242008409374,0.0,0.0,0.0,0.0,0.0,0
0,tcp,private,S0,0,0,0,0,0,0,0,0,0,0,0,0,0,0,0,0,0,0,241,3,1.0,1.0,0.0,0.0,0.11149201715756402,0.8225780371157974,0.0,255,242,0.6403957428886942,0.04848178521285451,0.034703039871778744,0.0,1.0,1.0,0.0,0.0,1
0,udp,http,SF,484,9185,0,0,0,0,0,0,0,0,0,0,0,0,0,0,0,0,3,4,0.0,0.0,0.0,0.0,1.0,0.0,0.0,255,115,0.07448711503633387,0.6362810644921248,0.07465170710551268,0.0,0.0,0.0,0.0,0.0,0
0,tcp,private,S0,0,0,0,0,0,0,0,0,0,0,0,0,0,0,0,0,0,0,189,8,1.0,1.0,0.0,0.0,0.1471910197290318,0.76473404650076,0.0,255,253,0.7825035446413849,0.6671113559757264,0.06290638220981522,0.0,1.0,1.0,0.0,0.0,1
0,tcp,private,S0,0,0,0,0,0,0,0,0,0,0,0,0,0,0,0,0,0,0,185,10,1.0,1.0,0.0,0.0,0.07417144894573498,0.8036162127647626,0.0,255,158,0.13833926175200362,0.6005196412030065,0.011739253290686381,0.0,1.0,1.0,0.0,0.0,1
0,tcp,other,RSTR,0,0,0,0,0,0,0,0,0,0,0,0,0,0,0,0,0,0,116,10,0.0,0.0,1.0,1.0,0.006950818792568359,1.0,0.0,255,46,0.5652075727652304,0.10002833939679545,0.0007751876503937716,0.0,0.0,0.0,1.0,1.0,1
4,udp,smtp,SF,446,1385,0,0,0,0,0,0,0,0,0,0,0,0,0,0,0,0,3,1,0.0,0.0,0.0,0.0,1.0,0.0,0.0,255,67,0.46996987029140824,0.9429045891818337,0.09541990311947908,0.0,0.0,0.0,0.0,0.0,0
4,icmp,domain_u,SF,552,6897,0,0,0,0,0,0,0,0,0,0,0,0,0,0,0,0,3,7,0.0,0.0,0.0,0.0,1.0,0.0,0.0,255,189,0.43406302867262414,0.7426305801613362,0.05280622760162649,0.0,0.0,0.0,0.0,0.0,0
4,tcp,ftp_data,SF,712,2878,0,0,0,0,0,1,0,0,0,0,0,0,0,0,0,0,5,4,0.0,0.0,0.0,0.0,1.0,0.0,0.0,255,2,0.06156978909856714,0.30332640999929406,0.05556815161893806,0.0,0.0,0.0,0.0,0.0,0
0,tcp,eco_i,RSTR,0,0,0,0,0,0,0,0,0,0,0,0,0,0,0,0,0,0,209,9,0.0,0.0,1.0,1.0,0.02135397151946146,1.0,0.0,255,208,0.6414299101837868,0.8879796450231348,0.008827963716068022,0.0,0.0,0.0,1.0,1.0,1
10,tcp,ftp,SF,115,202,0,0,0,0,3,0,0,0,0,0,0,0,0,0,0,1,206,3,0.0,0.0,0.0,0.0,1.0,0.0,0.0,255,246,0.7321788638895931,0.306832735970176,0.016373965882627996,0.0,0.0,0.0,0.0,0.0,1
4,udp,ftp_data,SF,574,12780,0,0,0,0,0,0,0,0,0,0,0,0,0,0,0,0,3,8,0.0,0.0,0.0,0.0,1.0,0.0,0.0,255,211,0.7006484783104269,0.27368422677304227,0.07960931500927476,0.0,0.0,0.0,0.0,0.0,0
3,icmp,smtp,SF,335,11603,0,0,0,0,0,0,0,0,0,0,0,0,0,0,0,0,7,1,0.0,0.0,0.0,0.0,1.0,0.0,0.0,255,125,0.9893694480015951,0.5057096067283272,0.03574629001440043,0.0,0.0,0.0,0.0,0.0,0
0,tcp,private,RSTR,0,0,0,0,0,0,0,0,0,0,0,0,0,0,0,0,0,0,186,5,0.0,0.0,1.0,1.0,0.015356251395322928,1.0,0.0,255,55,0.4960717687663112,0.21624232480774297,0.0835272537050909,0.0,0.0,0.0,1.0,1.0,1
3,tcp,http,SF,453,5355,0,0,0,0,0,1,0,0,0,0,0,0,0,0,0,0,6,8,0.0,0.0,0.0,0.0,1.0,0.0,0.0,255,121,0.610512617417893,0.19668979340055148,0.07921443761722567,0.0,0.0,0.0,0.0,0.0,0
5,icmp,ftp_data,SF,329,13797,0,0,0,0,0,0,0,0,0,0,0,0,0,0,0,0,7,3,0.0,0.0,0.0,0.0,1.0,0.0,0.0,255,209,0.9871667385023122,0.9301263249446683,0.061354304295058275,0.0,0.0,0.0,0.0,0.0,0
36,tcp,pop_3,SF,100,267,0,0,0,0,4,0,0,0,0,0,0,0,0,0,0,0,209,1,0.0,0.0,0.0,0.0,1.0,0.0,0.0,255,78,0.6537670869827868,0.13652858431301207,0.01959530655357893,0.0,0.0,0.0,0.0,0.0,1
5,tcp,ftp_data,SF,795,7711,0,0,0,0,0,1,0,0,0,0,0,0,0,0,0,0,4,8,0.0,0.0,0.0,0.0,1.0,0.0,0.0,255,163,0.36499809964371954,0.929835451404176,0.07795658447766092,0.0,0.0,0.0,0.0,0.0,0
18,tcp,pop_3,SF,124,152,0,0,0,0,5,0,0,0,0,0,0,0,0,0,0,0,145,5,0.0,0.0,0.0,0.0,1.0,0.0,0.0,255,168,0.5289623104462199,0.025376097420982124,0.08523188135003937,0.0,0.0,0.0,0.0,0.0,1
1,icmp,http,SF,578,4827,0,0,0,0,0,0,0,0,0,0,0,0,0,0,0,0,1,3,0.0,0.0,0.0,0.0,1.0,0.0,0.0,255,168,0.9502435306609863,0.6696883062459096,0.07645617963259226,0.0,0.0,0.0,0.0,0.0,0
5,tcp,domain_u,SF,624,2004,0,0,0,0,0,1,0,0,0,0,0,0,0,0,0,0,4,3,0.0,0.0,0.0,0.0,1.0,0.0,0.0,255,70,0.36525780291435284,0.41799876000854186,0.09944453799355017,0.0,0.0,0.0,0.0,0.0,0
0,tcp,private,S0,0,0,0,0,0,0,0,0,0,0,0,0,0,0,0,0,0,0,237,6,1.0,1.0,0.0,0.0,0.12023365804042586,0.7004634683851315,0.0,255,192,0.9359562842177743,0.6092913139329521,0.013135341290859116,0.0,1.0,1.0,0.0,0.0,1
0,tcp,eco_i,RSTR,0,0,0,0,0,0,0,0,0,0,0,0,0,0,0,0,0,0,187,10,0.0,0.0,1.0,1.0,0.050192052673761436,1.0,0.0,255,1,0.4832121837626595,0.5926159045169866,0.005479028956499477,0.0,0.0,0.0,1.0,1.0,1
1,icmp,ftp_data,SF,698,14945,0,0,0,0,0,0,0,0,0,0,0,0,0,0,0,0,8,2,0.0,0.0,0.0,0.0,1.0,0.0,0.0,255,198,0.4976428661352552,0.2550377949142981,0.03798126579078857,0.0,0.0,0.0,0.0,0.0,0
0,tcp,private,S0,0,0,0,0,0,0,0,0,0,0,0,0,0,0,0,0,0,0,241,4,1.0,1.0,0.0,0.0,0.08638382043034769,0.7345526855583792,0.0,255,238,0.29121167370226564,0.3850350064380469,0.00027534964991128287,0.0,1.0,1.0,0.0,0.0,1
2,tcp,domain_u,SF,215,4180,0,0,0,0,0,1,0,0,0,0,0,0,0,0,0,0,1,5,0.0,0.0,0.0,0.0,1.0,0.0,0.0,255,9,0.7583934023595196,0.5195131279252656,0.023163318396463097,0.0,0.0,0.0,0.0,0.0,0
2,icmp,http,SF,188,1160,0,0,0,0,0,0,0,0,0,0,0,0,0,0,0,0,2,7,0.0,0.0,0.0,0.0,1.0,0.0,0.0,255,100,0.8162098920088501,0.8237623711243386,0.0065952563665280465,0.0,0.0,0.0,0.0,0.0,0
0,tcp,private,S0,0,0,0,0,0,0,0,0,0,0,0,0,0,0,0,0,0,0,178,6,1.0,1.0,0.0,0.0,0.08894607330291197,0.7752484390237263,0.0,255,221,0.6876869562362623,0.4923337716137536,0.05974346053172846,0.0,1.0,1.0,0.0,0.0,1
3,tcp,ftp_data,SF,351,2276,0,0,0,0,0,1,0,0,0,0,0,0,0,0,0,0,4,4,0.0,0.0,0.0,0.0,1.0,0.0,0.0,255,233,0.3378300143824111,0.4155741556457355,0.06400260461164574,0.0,0.0,0.0,0.0,0.0,0
4,udp,domain_u,SF,178,7839,0,0,0,0,0,0,0,0,0,0,0,0,0,0,0,0,2,4,0.0,0.0,0.0,0.0,1.0,0.0,0.0,255,153,0.720363344625777,0.9184172047638347,0.05886855370098614,0.0,0.0,0.0,0.0,0.0,0
0,tcp,private,S0,0,0,0,0,0,0,0,0,0,0,0,0,0,0,0,0,0,0,247,5,1.0,1.0,0.0,0.0,0.06120509413219391,0.7064145738429728,0.0,255,191,0.04375712074697746,0.44904833397593913,0.02688387656441891,0.0,1.0,1.0,0.0,0.0,1
0,tcp,private,S0,0,0,0,0,0,0,0,0,0,0,0,0,0,0,0,0,0,0,169,1,1.0,1.0,0.0,0.0,0.12190282304574444,0.7979167385381218,0.0,255,187,0.9436500984286783,0.0782784253674439,0.0017919023791232891,0.0,1.0,1.0,0.0,0.0,1
3,tcp,smtp,SF,491,2579,0,0,0,0,0,1,0,0,0,0,0,0,0,0,0,0,1,9,0.0,0.0,0.0,0.0,1.0,0.0,0.0,255,53,0.13883159136764922,0.2994810008959161,0.03815699955619765,0.0,0.0,0.0,0.0,0.0,0
1,udp,smtp,SF,487,12873,0,0,0,0,0,0,0,0,0,0,0,0,0,0,0,0,8,7,0.0,0.0,0.0,0.0,1.0,0.0,0.0,255,174,0.6862023738147628,0.006938960473061195,0.01550553073481904,0.0,0.0,0.0,0.0,0.0,0
0,tcp,domain_u,SF,786,7394,0,0,0,0,0,1,0,0,0,0,0,0,0,0,0,0,6,7,0.0,0.0,0.0,0.0,1.0,0.0,0.0,255,50,0.27379154060704824,0.45741610263882104,0.07918997530440808,0.0,0.0,0.0,0.0,0.0,0
38,tcp,pop_3,SF,122,257,0,0,0,0,6,0,0,0,0,0,0,0,0,0,0,0,124,9,0.0,0.0,0.0,0.0,1.0,0.0,0.0,255,234,0.9302627635803531,0.8583921514917479,0.06050189045663881,0.0,0.0,0.0,0.0,0.0,1
0,tcp,private,S0,0,0,0,0,0,0,0,0,0,0,0,0,0,0,0,0,0,0,122,4,1.0,1.0,0.0,0.0,0.07320325066600493,0.8887870126943266,0.0,255,233,0.9008111102917234,0.4809710332527788,0.005205040348599699,0.0,1.0,1.0,0.0,0.0,1
5,udp,http,SF,541,9025,0,0,0,0,0,0,0,0,0,0,0,0,0,0,0,0,9,1,0.0,0.0,0.0,0.0,1.0,0.0,0.0,255,67,0.3535053450443618,0.6635869471360221,0.03716625215705107,0.0,0.0,0.0,0.0,0.0,0
2,udp,http,SF,454,13376,0,0,0,0,0,0,0,0,0,0,0,0,0,0,0,0,3,3,0.0,0.0,0.0,0.0,1.0,0.0,0.0,255,58,0.5518620674011444,0.5615875181471229,0.029315450430624102,0.0,0.0,0.0,0.0,0.0,0
4,tcp,domain_u,SF,212,10112,0,0,0,0,0,1,0,0,0,0,0,0,0,0,0,0,2,4,0.0,0.0,0.0,0.0,1.0,0.0,0.0,255,6,0.677908972092412,0.5572973957348327,0.08155117890476955,0.0,0.0,0.0,0.0,0.0,0
0,icmp,domain_u,SF,782,6032,0,0,0,0,0,0,0,0,0,0,0,0,0,0,0,0,9,8,0.0,0.0,0.0,0.0,1.0,0.0,0.0,255,141,0.1623222352157031,0.7750538820688088,0.04245997765785249,0.0,0.0,0.0,0.0,0.0,0
1,tcp,http,SF,664,2628,0,0,0,0,0,1,0,0,0,0,0,0,0,0,0,0,7,2,0.0,0.0,0.0,0.0,1.0,0.0,0.0,255,109,0.6301966268194844,0.5873714692457842,0.029307846399952698,0.0,0.0,0.0,0.0,0.0,0
0,tcp,private,RSTR,0,0,0,0,0,0,0,0,0,0,0,0,0,0,0,0,0,0,186,9,0.0,0.0,1.0,1.0,0.05994701091076107,1.0,0.0,255,35,0.49460050194280625,0.7500673419849145,0.07514676524866581,0.0,0.0,0.0,1.0,1.0,1
5,tcp,domain_u,SF,707,5915,0,0,0,0,0,1,0,0,0,0,0,0,0,0,0,0,3,9,0.0,0.0,0.0,0.0,1.0,0.0,0.0,255,98,0.7832116575764839,0.931156028263041,0.00021671163730644372,0.0,0.0,0.0,0.0,0.0,0
2,tcp,ftp_data,SF,702,9047,0,0,0,0,0,1,0,0,0,0,0,0,0,0,0,0,8,8,0.0,0.0,0.0,0.0,1.0,0.0,0.0,255,27,0.8476663276059245,0.3755885446603041,0.04987058849407258,0.0,0.0,0.0,0.0,0.0,0
0,tcp,private,RSTR,0,0,0,0,0,0,0,0,0,0,0,0,0,0,0,0,0,0,125,3,0.0,0.0,1.0,1.0,0.02477874892007841,1.0,0.0,255,126,0.36667885010126466,0.6508536011475405,0.09823726589500016,0.0,0.0,0.0,1.0,1.0,1
1,icmp,domain_u,SF,683,13332,0,0,0,0,0,0,0,0,0,0,0,0,0,0,0,0,6,6,0.0,0.0,0.0,0.0,1.0,0.0,0.0,255,202,0.8211635264192141,0.2118900116313186,0.04653949198890925,0.0,0.0,0.0,0.0,0.0,0
2,udp,domain_u,SF,502,2280,0,0,0,0,0,0,0,0,0,0,0,0,0,0,0,0,10,5,0.0,0.0,0.0,0.0,1.0,0.0,0.0,255,164,0.9375929304407015,0.7321451113898699,0.04126692734626302,0.0,0.0,0.0,0.0,0.0,0
0,tcp,private,S0,0,0,0,0,0,0,0,0,0,0,0,0,0,0,0,0,0,0,242,1,1.0,1.0,0.0,0.0,0.14017829322307707,0.7905834695390814,0.0,255,17,0.1003659311485775,0.6349463656761652,0.01322272038937087,0.0,1.0,1.0,0.0,0.0,1
3,udp,smtp,SF,370,4596,0,0,0,0,0,0,0,0,0,0,0,0,0,0,0,0,7,7,0.0,0.0,0.0,0.0,1.0,0.0,0.0,255,84,0.38833913855249835,0.35163319363840895,0.011275995444209486,0.0,0.0,0.0,0.0,0.0,0
0,tcp,private,RSTR,0,0,0,0,0,0,0,0,0,0,0,0,0,0,0,0,0,0,104,1,0.0,0.0,1.0,1.0,0.018941190538739983,1.0,0.0,255,80,0.7133281307100108,0.5097039474020075,0.05999220016342818,0.0,0.0,0.0,1.0,1.0,1
0,tcp,private,S0,0,0,0,0,0,0,0,0,0,0,0,0,0,0,0,0,0,0,132,9,1.0,1.0,0.0,0.0,0.09270472590719686,0.8071675356650252,0.0,255,131,0.4933197154190494,0.2215079048101315,0.07951488036710408,0.0,1.0,1.0,0.0,0.0,1
0,tcp,private,S0,0,0,0,0,0,0,0,0,0,0,0,0,0,0,0,0,0,0,249,2,1.0,1.0,0.0,0.0,0.09773405923099114,0.8499831240136883,0.0,255,169,0.6988058517105553,0.6356839116309674,0.0372676561688207,0.0,1.0,1.0,0.0,0.0,1
0,tcp,private,S0,0,0,0,0,0,0,0,0,0,0,0,0,0,0,0,0,0,0,218,1,1.0,1.0,0.0,0.0,0.14209883801479295,0.7938191995819371,0.0,255,167,0.7591998326260929,0.4707488963666462,0.047301825849335205,0.0,1.0,1.0,0.0,0.0,1
0,tcp,private,S0,0,0,0,0,0,0,0,0,0,0,0,0,0,0,0,0,0,0,121,2,1.0,1.0,0.0,0.0,0.0846592056319214,0.7615356079645048,0.0,255,19,0.39256903536626764,0.3543419783119396,0.030211160536043814,0.0,1.0,1.0,0.0,0.0,1
3,tcp,ftp_data,SF,509,7276,0,0,0,0,0,1,0,0,0,0,0,0,0,0,0,0,10,1,0.0,0.0,0.0,0.0,1.0,0.0,0.0,255,93,0.6143377904887685,0.7558965185671076,0.020349845011873202,0.0,0.0,0.0,0.0,0.0,0
5,tcp,http,SF,322,4930,0,0,0,0,0,1,0,0,0,0,0,0,0,0,0,0,6,4,0.0,0.0,0.0,0.0,1.0,0.0,0.0,255,167,0.02735674565757007,0.14067826664172955,0.06322084462984642,0.0,0.0,0.0,0.0,0.0,0
0,tcp,other,RSTR,0,0,0,0,0,0,0,0,0,0,0,0,0,0,0,0,0,0,227,4,0.0,0.0,1.0,1.0,0.0924738598618799,1.0,0.0,255,165,0.40257526574118185,0.14663484042233654,0.09786814661171282,0.0,0.0,0.0,1.0,1.0,1
3,icmp,http,SF,749,7795,0,0,0,0,0,0,0,0,0,0,0,0,0,0,0,0,2,6,0.0,0.0,0.0,0.0,1.0,0.0,0.0,255,160,0.9954759108252152,0.5408664993359559,0.02280339821620079,0.0,0.0,0.0,0.0,0.0,0
0,udp,ftp_data,SF,471,13524,0,0,0,0,0,0,0,0,0,0,0,0,0,0,0,0,1,7,0.0,0.0,0.0,0.0,1.0,0.0,0.0,255,104,0.7241248311093688,0.13479778867940506,0.00771934222798395,0.0,0.0,0.0,0.0,0.0,0
4,tcp,domain_u,SF,450,10894,0,0,0,0,0,1,0,0,0,0,0,0,0,0,0,0,6,10,0.0,0.0,0.0,0.0,1.0,0.0,0.0,255,127,0.7155289494733459,0.5522304471809045,0.0759529184109383,0.0,0.0,0.0,0.0,0.0,0
5,icmp,ftp_data,SF,752,2001,0,0,0,0,0,0,0,0,0,0,0,0,0,0,0,0,4,2,0.0,0.0,0.0,0.0,1.0,0.0,0.0,255,238,0.9229749850321417,0.6727436438848935,0.027608117579580038,0.0,0.0,0.0,0.0,0.0,0
0,tcp,private,S0,0,0,0,0,0,0,0,0,0,0,0,0,0,0,0,0,0,0,117,5,1.0,1.0,0.0,0.0,0.13646422686537993,0.8021449135115498,0.0,255,25,0.4515530267760651,0.7702732959763294,0.0527238035248407,0.0,1.0,1.0,0.0,0.0,1
0,tcp,private,S0,0,0,0,0,0,0,0,0,0,0,0,0,0,0,0,0,0,0,183,10,1.0,1.0,0.0,0.0,0.142766287697911,0.7857563233544774,0.0,255,190,0.3881874610685172,0.405808430681605,0.046071827680523286,0.0,1.0,1.0,0.0,0.0,1
2,tcp,domain_u,SF,160,4270,0,0,0,0,0,1,0,0,0,0,0,0,0,0,0,0,10,1,0.0,0.0,0.0,0.0,1.0,0.0,0.0,255,188,0.12293437848033673,0.5290603754172394,0.03674437819215259,0.0,0.0,0.0,0.0,0.0,0
